<?xml version="1.0" encoding="UTF-8" standalone="yes"?>
<addon id="plugin.video.PIRATES"
       name="[COLOR red][B]PIRATES[/B][/COLOR]"
       version="0.0.1"
       provider-name="CRISESPNL">
  <requires>
    <import addon="xbmc.python" version="2.1.0"/>
	<import addon="script.module.t0mm0.common" version="2.0.0"/>
    <import addon="script.module.beautifulsoup" version="3.2.1"/>
    <import addon="script.module.simple.downloader" version="0.9.4"/>
    <import addon="script.module.beautifulsoup4"/>
    <import addon="script.module.simple.downloader" version="0.9.4"/>
    <import addon="script.module.requests" />
    <import addon="script.module.httplib2" />
    <import addon="script.module.youtube.dl" optional="true"/>
    <import addon="plugin.video.youtube" version="3.0.0"/>
	<import addon="plugin.video.gdrive" version="0.7.17"/>
    <import addon="script.module.urlresolver"/>
    <import addon="script.module.simplejson" /> 
    <import addon="script.common.plugin.cache" version="2.5.2"/>
    <import addon="script.module.metahandler" version="2.5.1"/>
	<import addon="script.module.livestreamer" optional="true"/>
  </requires>
  <extension point="xbmc.python.pluginsource" library="default.py">
    <provides>video</provides>
  </extension>
  
  	
  <extension point="xbmc.addon.metadata">
    <summary>ADDON CRIADO SEM FINS LUCRATIVOS, TUDO ENCONTRADO NA INTERNET</summary>
    <description>
        FILMES, SERIES, CANAIS IPTV, DESENHOS, SHOWS E RADIOS.
             
    </description>
    <platform>all</platform>
	<assets>
<icon>icon.png</icon>
<fanart>fanart.jpg</fanart>
<screenshot>resources/screenshot000.jpg</screenshot>
<screenshot>resources/screenshot002.jpg</screenshot>
<screenshot>resources/screenshot003.jpg</screenshot>
</assets>
  </extension>
</addon>