﻿<?xml version="1.0" encoding="UTF-8" standalone="yes"?>
<addon id="PIRATES.repository" name="PIRATES repository" version="1.0.0" provider-name="CRISESPNL">
	<extension point="xbmc.addon.repository" name="PIRATES Repository">
		<info compressed="false">http://raw.github.com/addonnossosonho/PIRATES.repository/master/addons.xml</info>
		<checksum>http://raw.github.com/addonnossosonho/PIRATES.repository/master/addons.xml.md5</checksum>
		<datadir zip="true">http://raw.github.com/addonnossosonho/PIRATES.repository/master/repo/</datadir>
	</extension>
	<extension point="xbmc.addon.metadata">
		<summary>PIRATES Addon</summary>
		<description>Addon SEM FINS LUCRATIVOS</description>
		<disclaimer></disclaimer>
		<platform>all</platform>
	</extension>
</addon>